City_ID,City,Country,Lat,Lng,Max Temp,Humidity,Cloudiness,Wind Speed,Current Description
0,Touros,BR,-5.1989,-35.4608,86.9,63,83,17.72,broken clouds
1,Haines Junction,CA,60.7522,-137.5108,35.55,75,100,3.44,overcast clouds
2,Hermanus,ZA,-34.4187,19.2345,65.89,69,23,9.04,few clouds
3,Ushuaia,AR,-54.8,-68.3,49.66,43,0,4.61,clear sky
4,Busselton,AU,-33.65,115.3333,53.1,74,90,9.95,overcast clouds
5,Tolmachevo,RU,54.9824,82.7363,39.42,93,75,11.18,broken clouds
6,Airai,TL,-8.9266,125.4092,60.24,77,80,2.35,broken clouds
7,Hithadhoo,MV,-0.6,73.0833,83.34,75,36,11.54,scattered clouds
8,Maragogi,BR,-9.0122,-35.2225,80.22,71,93,9.64,overcast clouds
9,Bethel,US,41.3712,-73.414,73.92,74,40,4.61,scattered clouds
10,Puerto Ayora,EC,-0.7393,-90.3518,80.56,86,78,10.0,broken clouds
11,Tingi,TZ,-11.3,35.0333,70.47,62,70,1.23,broken clouds
12,Bredasdorp,ZA,-34.5322,20.0403,62.28,82,100,4.61,overcast clouds
13,Grand Forks,US,47.9417,-97.4337,73.33,56,1,16.11,clear sky
14,Port Alfred,ZA,-33.5906,26.891,68.04,87,85,31.21,overcast clouds
15,Altadena,US,34.1897,-118.1312,68.63,80,40,1.01,haze
16,Rawson,AR,-43.3002,-65.1023,54.19,63,76,21.3,broken clouds
17,Shuangcheng,CN,45.35,126.2833,40.68,61,10,7.85,clear sky
18,Muros,ES,42.7762,-9.0603,76.14,72,51,7.38,broken clouds
19,Juneau,US,58.3019,-134.4197,41.0,98,90,1.99,moderate rain
20,Omboue,GA,-1.5746,9.2618,77.0,80,96,8.55,overcast clouds
21,Hobart,AU,-42.8794,147.3294,50.25,74,46,5.01,scattered clouds
22,Taggia,IT,43.8485,7.8545,71.74,38,57,5.82,broken clouds
23,Muisne,EC,0.6,-80.0333,84.31,72,99,12.44,overcast clouds
24,Yellowknife,CA,62.456,-114.3525,37.42,100,90,8.05,mist
25,Sakakah,SA,29.9697,40.2064,85.57,19,0,15.79,clear sky
26,Constitucion,CL,-35.3333,-72.4167,60.28,62,0,10.4,clear sky
27,Hilo,US,19.7297,-155.09,72.81,83,75,4.61,broken clouds
28,Atuona,PF,-9.8,-139.0333,77.95,77,36,17.63,scattered clouds
29,Gushikawa,JP,26.3544,127.8686,80.6,80,75,13.8,light rain
30,Bereda,ES,43.2686,-7.5406,75.58,68,42,3.91,scattered clouds
31,Albany,US,42.6001,-73.9662,74.68,74,0,0.76,clear sky
32,Mar Del Plata,AR,-38.0023,-57.5575,53.62,66,0,8.01,clear sky
33,Yeniseysk,RU,58.4497,92.1703,35.65,98,100,7.4,light rain
34,Kodiak,US,57.79,-152.4072,49.51,57,1,4.61,clear sky
35,Carutapera,BR,-1.195,-46.02,87.66,58,96,9.82,overcast clouds
36,Mahebourg,MU,-20.4081,57.7,72.25,88,75,8.05,light intensity shower rain
37,East London,ZA,-33.0153,27.9116,67.14,88,0,13.8,clear sky
38,Severo-Kurilsk,RU,50.6789,156.125,44.62,76,30,18.25,light rain
39,San Cristobal,VE,7.7669,-72.225,84.38,49,80,9.82,broken clouds
40,Punta Arenas,CL,-53.15,-70.9167,50.11,46,0,16.11,clear sky
41,Kupang,ID,-10.1667,123.5833,76.03,86,51,6.93,broken clouds
42,Lubango,AO,-14.9172,13.4925,72.77,26,80,8.7,broken clouds
43,Chokurdakh,RU,70.6333,147.9167,7.59,90,92,5.75,overcast clouds
44,New Norfolk,AU,-42.7826,147.0587,49.91,70,82,1.99,broken clouds
45,Upernavik,GL,72.7868,-56.1549,26.91,47,10,4.34,clear sky
46,Koumac,NC,-20.5667,164.2833,70.54,72,68,3.15,broken clouds
47,Turukhansk,RU,65.8167,87.9833,39.09,99,100,10.33,light rain
48,Tiksi,RU,71.6872,128.8694,27.88,94,100,8.48,light snow
49,Vestmannaeyjar,IS,63.4427,-20.2734,49.19,81,90,37.98,light rain
50,Rikitea,PF,-23.1203,-134.9692,73.13,78,67,9.1,broken clouds
51,Butaritari,KI,3.0707,172.7902,82.51,64,57,15.68,broken clouds
52,Mataura,NZ,-46.1927,168.8643,46.47,95,61,2.57,broken clouds
53,Luderitz,NA,-26.6481,15.1594,59.88,76,0,4.7,clear sky
54,Vaini,TO,-21.2,-175.2,71.76,94,75,4.61,moderate rain
55,Bintulu,MY,3.1667,113.0333,77.41,94,20,0.0,few clouds
56,Basco,PH,20.4487,121.9702,82.36,80,100,11.39,overcast clouds
57,Marzuq,YE,14.4,46.4667,81.91,46,88,6.02,overcast clouds
58,Souillac,MU,-20.5167,57.5167,72.36,88,75,8.05,light intensity shower rain
59,Ust-Barguzin,RU,53.45,108.9833,32.85,72,30,3.51,scattered clouds
60,Shingu,JP,33.7333,135.9833,68.4,93,44,4.45,scattered clouds
61,Malindi,KE,-3.2175,40.1191,77.67,81,10,13.98,clear sky
62,Ewa Beach,US,21.3156,-158.0072,76.98,71,75,11.01,broken clouds
63,Jamestown,US,42.097,-79.2353,78.19,68,40,4.61,scattered clouds
64,Ponta Do Sol,PT,32.6667,-17.1,78.01,73,33,1.19,scattered clouds
65,Esperance,AU,-33.8667,121.9,56.46,77,51,12.68,broken clouds
66,Ilulissat,GL,69.2167,-51.1,28.42,46,20,3.44,few clouds
67,Mount Isa,AU,-20.7333,139.5,78.57,24,54,6.91,light rain
68,Ostrovnoy,RU,68.0531,39.5131,48.87,90,100,29.33,overcast clouds
69,Cape Town,ZA,-33.9258,18.4232,66.11,64,0,17.27,clear sky
70,Nome,US,64.5011,-165.4064,30.27,86,1,3.44,clear sky
71,Le Port,RE,-20.9373,55.2919,69.8,75,99,7.31,light rain
72,Longyearbyen,SJ,78.2186,15.6401,28.24,64,75,9.22,broken clouds
73,Ust-Nera,RU,64.5667,143.2,20.91,92,86,5.68,overcast clouds
74,Henties Bay,NA,-22.116,14.2845,57.85,80,0,9.91,clear sky
75,Borogontsy,RU,62.6683,131.1683,27.41,83,77,5.46,broken clouds
76,Pljevlja,ME,43.3333,19.3333,48.88,97,100,3.78,overcast clouds
77,Cherskiy,RU,68.75,161.3,-1.84,100,61,4.07,broken clouds
78,Dunedin,NZ,-45.8742,170.5036,56.8,67,84,3.6,broken clouds
79,Sao Geraldo Do Araguaia,BR,-6.4006,-48.555,101.3,24,42,6.33,scattered clouds
80,Barrow,US,71.2906,-156.7887,33.82,86,90,5.75,mist
81,Lensk,RU,60.7253,114.9278,33.31,96,100,11.1,light snow
82,Ambovombe,MG,-25.1667,46.0833,65.25,65,53,13.94,broken clouds
83,San Rafael,AR,-34.6177,-68.3301,67.14,20,0,11.01,clear sky
84,Hami,CN,42.8,93.45,48.51,39,96,17.43,overcast clouds
85,Tuktoyaktuk,CA,69.4541,-133.0374,28.4,93,20,8.05,few clouds
86,Manokwari,ID,-0.8667,134.0833,79.72,75,98,8.12,overcast clouds
87,Alofi,NU,-19.0595,-169.9187,69.69,100,42,2.3,scattered clouds
88,Thompson,CA,55.7435,-97.8558,62.76,67,75,11.5,smoke
89,Cidreira,BR,-30.1811,-50.2056,63.37,54,39,11.61,scattered clouds
90,Naze,JP,28.3667,129.4833,76.62,72,78,14.72,broken clouds
91,Karratha,AU,-20.7377,116.8463,74.03,71,0,6.93,light rain
92,Ahipara,NZ,-35.1667,173.1667,56.64,93,42,9.62,scattered clouds
93,Chipiona,ES,36.7366,-6.437,86.18,61,0,11.5,clear sky
94,Namibe,AO,-15.1961,12.1522,65.66,76,49,12.66,scattered clouds
95,Balloch,GB,56.0,-4.5833,65.17,88,90,13.8,light rain
96,Bengkulu,ID,-3.8004,102.2655,75.67,90,98,3.31,light rain
97,Evensk,RU,61.95,159.2333,22.69,57,18,7.25,few clouds
98,Linxia,CN,35.6003,103.2064,55.9,67,14,2.37,few clouds
99,Bluff,NZ,-46.6,168.3333,46.8,90,85,2.37,overcast clouds
100,Campohermoso,ES,36.9357,-2.1337,73.72,69,0,6.51,clear sky
101,Dingle,PH,10.9995,122.6711,76.87,87,100,2.8,overcast clouds
102,Klaksvik,FO,62.2266,-6.589,52.72,92,96,24.76,overcast clouds
103,Tasiilaq,GL,65.6145,-37.6368,35.76,51,5,6.69,clear sky
104,Bahir Dar,ET,11.5936,37.3908,62.24,88,94,4.14,moderate rain
105,Chuy,UY,-33.6971,-53.4616,57.79,49,6,9.17,clear sky
106,Saint-Philippe,RE,-21.3585,55.7679,69.39,77,99,11.01,overcast clouds
107,Zunyi,CN,27.6867,106.9072,65.3,82,86,2.86,overcast clouds
108,Iznik,TR,40.4286,29.7211,62.35,81,63,6.53,broken clouds
109,Cap Malheureux,MU,-19.9842,57.6142,72.46,77,3,4.0,light rain
110,Khatanga,RU,71.9667,102.5,13.75,95,100,4.34,overcast clouds
111,Dymer,UA,50.7865,30.3026,47.95,42,42,13.24,scattered clouds
112,Norman Wells,CA,65.282,-126.8329,24.84,93,90,4.61,fog
113,Arraial Do Cabo,BR,-22.9661,-42.0278,75.16,83,75,18.41,broken clouds
114,Cooma,AU,-36.2333,149.1333,44.47,85,99,2.95,overcast clouds
115,Castro,BR,-24.7911,-50.0119,70.48,83,100,1.99,overcast clouds
116,Batsfjord,NO,70.6345,29.7185,37.4,75,75,13.8,broken clouds
117,Carnarvon,AU,-24.8667,113.6333,62.67,72,0,14.97,clear sky
118,Bathsheba,BB,13.2167,-59.5167,86.61,79,75,21.85,broken clouds
119,Saldanha,ZA,-33.0117,17.9442,60.85,94,4,13.47,clear sky
120,Mitu,CO,1.1983,-70.1733,81.55,86,78,3.62,broken clouds
121,Morondava,MG,-20.2833,44.2833,76.93,68,0,20.96,clear sky
122,Balakhta,RU,55.38,91.6,34.05,98,100,12.66,light rain
123,Saskylakh,RU,71.9167,114.0833,13.66,93,98,8.43,overcast clouds
124,Port Elizabeth,ZA,-33.918,25.5701,69.1,88,0,14.97,clear sky
125,Tulum,MX,20.2167,-87.4667,84.92,67,100,4.65,overcast clouds
126,Nikolskoye,RU,59.7035,30.7861,53.4,53,39,10.31,scattered clouds
127,Ryotsu,JP,38.0833,138.4333,70.74,85,64,10.02,broken clouds
128,Inhambane,MZ,-23.865,35.3833,71.58,68,40,5.75,scattered clouds
129,Berbera,SO,10.4396,45.0143,89.04,70,4,7.96,clear sky
130,Dikson,RU,73.5069,80.5464,34.86,92,97,21.99,overcast clouds
131,Nokha,IN,27.6,73.4167,89.47,24,86,5.7,overcast clouds
132,Cabo San Lucas,MX,22.8909,-109.9124,93.51,55,1,1.01,clear sky
133,Verkhnevilyuysk,RU,63.4453,120.3167,31.62,98,100,6.58,light snow
134,San Quintin,MX,30.4833,-115.95,68.95,72,100,9.84,overcast clouds
135,Sarankhola,BD,22.3082,89.7897,78.76,92,9,3.6,clear sky
136,Iqaluit,CA,63.7506,-68.5145,42.53,65,75,8.99,broken clouds
137,Hamminkeln,DE,51.7333,6.5833,59.79,91,28,2.42,scattered clouds
138,Sola,VU,-13.8833,167.55,80.31,79,21,17.81,few clouds
139,Kholm-Zhirkovskiy,RU,55.5189,33.4731,39.51,64,2,4.99,clear sky
140,Diffa,NE,13.3154,12.6113,92.71,14,13,12.24,few clouds
141,College,US,64.8569,-147.8028,37.65,95,90,0.0,light rain
142,Batagay-Alyta,RU,67.8006,130.4114,24.13,67,100,5.3,overcast clouds
143,Georgiyevka,KZ,43.0369,74.7114,33.84,86,0,4.47,clear sky
144,Skibbereen,IE,51.55,-9.2667,60.6,97,100,16.2,light rain
145,Lebu,CL,-37.6167,-73.65,56.91,57,0,9.64,clear sky
146,Qaanaaq,GL,77.484,-69.3632,19.67,61,44,7.16,scattered clouds
147,Leningradskiy,RU,69.3833,178.4167,22.53,96,100,3.49,overcast clouds
148,Benguela,AO,-12.5763,13.4055,72.79,74,40,4.34,scattered clouds
149,Alice Springs,AU,-23.7,133.8833,63.95,77,0,6.91,clear sky
150,Vila,PT,42.0304,-8.1588,67.75,62,9,3.09,clear sky
151,Oranjemund,NA,-28.55,16.4333,58.69,86,26,7.76,scattered clouds
152,Makakilo City,US,21.3469,-158.0858,75.56,70,75,8.05,broken clouds
153,Adrar,MR,20.5022,-10.0711,102.4,6,62,13.44,broken clouds
154,Portland,US,45.5234,-122.6762,51.1,93,90,3.0,mist
155,Luxor,EG,25.6989,32.6421,84.25,28,0,4.61,clear sky
156,Pisco,PE,-13.7,-76.2167,68.05,73,0,14.97,clear sky
157,Numan,NG,9.4667,12.0333,86.45,55,22,3.58,few clouds
158,Broken Hill,AU,-31.95,141.4333,53.1,36,7,6.17,clear sky
159,Coruripe,BR,-10.1256,-36.1756,81.77,62,98,10.02,overcast clouds
160,Lagoa,PT,39.05,-27.9833,69.15,73,19,11.63,few clouds
161,La Ronge,CA,55.1001,-105.2842,48.42,57,20,10.36,few clouds
162,Clyde River,CA,70.4692,-68.5914,30.43,100,75,5.75,fog
163,Tuatapere,NZ,-46.1333,167.6833,46.81,91,99,3.04,light rain
164,Eskisehir,TR,39.7767,30.5206,53.47,62,0,1.14,clear sky
165,Viedma,AR,-40.8135,-62.9967,67.51,14,0,13.91,clear sky
166,Fortuna,US,40.5982,-124.1573,54.66,70,75,1.01,broken clouds
167,Margate,GB,51.3813,1.3862,63.7,84,100,1.01,overcast clouds
168,Londrina,BR,-23.3103,-51.1628,74.86,83,40,4.61,scattered clouds
169,Victoria,HK,22.2855,114.1577,78.78,95,100,1.01,light rain
170,Arman,RU,59.7,150.1667,26.96,61,22,5.35,few clouds
171,Ketchikan,US,55.3422,-131.6461,46.38,93,90,27.63,moderate rain
172,Ayan,RU,56.45,138.1667,39.38,53,100,3.96,overcast clouds
173,Soe,ID,-9.8607,124.284,64.71,85,52,3.74,broken clouds
174,Aklavik,CA,68.2191,-135.0107,29.12,86,8,4.63,clear sky
175,Comodoro Rivadavia,AR,-45.8667,-67.5,55.26,38,0,8.05,clear sky
176,Avarua,CK,-21.2078,-159.775,71.65,78,10,2.3,clear sky
177,Valpacos,PT,41.6075,-7.3109,73.74,32,0,1.97,clear sky
178,Loiza,PR,18.4313,-65.8802,89.58,70,40,13.8,haze
179,Kapaa,US,22.0752,-159.319,75.52,80,75,5.99,light rain
180,Newport,GB,51.5877,-2.9984,65.88,83,86,4.36,overcast clouds
181,Bodden Town,KY,19.2833,-81.25,91.4,69,40,10.0,scattered clouds
182,Sungaipenuh,ID,-2.0833,101.3833,64.8,96,100,1.14,overcast clouds
183,Codrington,AU,-38.2667,141.9667,43.65,94,99,8.5,overcast clouds
184,Polunochnoye,RU,60.8697,60.4153,40.73,77,56,8.57,broken clouds
185,Shihezi,CN,44.3,86.0333,39.47,76,100,8.99,overcast clouds
186,Hasaki,JP,35.7333,140.8333,70.29,80,96,15.86,overcast clouds
187,Lavrentiya,RU,65.5833,-171.0,35.42,94,100,1.99,overcast clouds
188,Lakselv,NO,70.0513,24.9718,39.02,60,40,16.11,scattered clouds
189,Ribeira Grande,PT,38.5167,-28.7,73.8,64,20,10.36,few clouds
190,Santa Maria,BR,-29.6842,-53.8069,63.7,55,0,11.5,clear sky
191,Kudahuvadhoo,MV,2.6708,72.8944,83.5,72,60,10.92,broken clouds
192,Maniitsoq,GL,65.4167,-52.9,36.52,54,20,2.28,few clouds
193,Abu Zabad,SD,12.35,29.25,84.36,26,40,5.23,scattered clouds
194,Belmonte,BR,-15.8631,-38.8828,82.9,61,2,10.27,clear sky
195,Iquitos,PE,-3.7481,-73.2472,86.04,70,75,8.05,broken clouds
196,Sitka,US,57.0531,-135.33,48.09,66,75,20.71,light rain
197,Maceio,BR,-9.6658,-35.7353,87.24,58,75,12.66,broken clouds
198,Noumea,NC,-22.2763,166.4572,57.18,74,18,8.08,few clouds
199,Chunoyar,RU,57.4467,97.3217,34.47,97,100,7.94,light rain
200,Tukrah,LY,32.5341,20.5791,75.15,63,0,7.45,clear sky
201,Urumqi,CN,43.801,87.6005,32.95,87,75,2.24,light snow
202,Fonte Boa,BR,-2.4959,-66.2662,89.49,58,100,4.59,overcast clouds
203,Road Town,VG,18.4167,-64.6167,89.64,66,40,9.22,scattered clouds
204,Port Hedland,AU,-20.3167,118.5667,68.05,94,0,4.61,clear sky
205,Necochea,AR,-38.5473,-58.7368,61.03,48,1,2.01,clear sky
206,Torbay,CA,47.6666,-52.7314,58.28,48,40,14.97,scattered clouds
207,Hovd,MN,48.0056,91.6419,30.09,32,0,4.23,clear sky
208,Bambous Virieux,MU,-20.3428,57.7575,72.21,88,75,8.05,light intensity shower rain
209,Sao Filipe,CV,14.8961,-24.4956,80.15,78,19,8.99,few clouds
210,Tamandare,BR,-8.7597,-35.1047,81.39,67,97,8.48,overcast clouds
211,Severo-Yeniseyskiy,RU,60.3725,93.0408,31.44,98,100,5.73,light snow
212,Lompoc,US,34.6391,-120.4579,68.77,84,90,3.44,overcast clouds
213,Pevek,RU,69.7008,170.3133,25.23,80,100,10.27,overcast clouds
214,Kyzyl-Suu,KG,42.3414,78.0056,30.38,85,81,9.04,broken clouds
215,Tessalit,ML,20.1986,1.0114,98.15,9,2,11.86,clear sky
216,Smolenka,RU,52.1352,113.4974,23.07,86,62,0.0,broken clouds
217,Harper,LR,4.375,-7.7169,79.63,83,87,10.38,light rain
218,Aasiaat,GL,68.7098,-52.8699,18.81,78,39,7.52,scattered clouds
219,Khandbari,NP,27.3747,87.2039,69.35,94,44,1.39,scattered clouds
220,Rovaniemi,FI,66.5,25.7167,38.61,93,75,9.22,broken clouds
221,Padang,ID,-0.9492,100.3543,75.25,85,97,2.48,overcast clouds
222,Great Falls,US,47.5002,-111.3008,50.68,44,90,0.0,overcast clouds
223,Khombole,SN,14.7667,-16.7,88.61,43,55,13.29,broken clouds
224,Asfi,MA,32.2994,-9.2372,70.59,77,31,8.03,scattered clouds
225,Cabinda,AO,-5.55,12.2,78.94,83,75,4.61,broken clouds
226,Webuye,KE,0.6075,34.7697,62.35,91,50,3.0,moderate rain
227,Amapa,BR,1.0,-52.0,99.57,29,58,4.92,broken clouds
228,Monticello,US,45.3055,-93.7941,68.99,80,90,3.44,overcast clouds
229,Katsuura,JP,35.1333,140.3,73.18,80,94,15.08,overcast clouds
230,Ouadda,CF,8.0777,22.4007,76.57,74,47,1.99,scattered clouds
231,Kahului,US,20.8947,-156.47,78.84,72,1,10.36,clear sky
232,Bubaque,GW,11.2833,-15.8333,83.84,71,92,3.04,overcast clouds
233,Ternate,ID,0.8,127.4,81.37,80,62,8.52,broken clouds
234,Jaca,ES,42.569,-0.5499,66.4,79,28,3.31,scattered clouds
235,Ishigaki,JP,24.3448,124.1572,82.22,80,84,13.6,broken clouds
236,Dzaoudzi,YT,-12.7887,45.2699,78.69,78,20,8.05,few clouds
237,Gimli,CA,50.6336,-96.9907,72.05,64,2,17.27,clear sky
238,Purpe,RU,64.4803,76.6897,42.73,95,100,16.55,moderate rain
239,Baruun-Urt,MN,46.6806,113.2792,43.32,48,100,7.76,overcast clouds
240,Durango,MX,24.8333,-104.8333,71.83,40,2,5.66,clear sky
241,Hope,US,33.6671,-93.5916,84.25,46,0,6.6,clear sky
242,Pangnirtung,CA,66.1451,-65.7125,37.4,75,75,3.44,broken clouds
243,Nuuk,GL,64.1835,-51.7216,36.21,60,20,9.22,few clouds
244,Richards Bay,ZA,-28.783,32.0377,67.66,81,75,15.66,broken clouds
245,Kimbe,PG,-5.5502,150.1429,74.08,92,24,4.21,few clouds
246,Lake City,US,30.1897,-82.6393,86.99,83,40,0.0,scattered clouds
247,Muravlenko,RU,63.7898,74.523,42.55,91,100,18.28,light rain
248,Sabla,NG,12.7525,4.7077,94.33,32,100,4.9,overcast clouds
249,Nouadhibou,MR,20.931,-17.0347,80.58,57,43,13.8,scattered clouds
250,Palmer,US,42.1584,-72.3287,75.38,61,20,4.61,few clouds
251,Nouakchott,MR,18.0858,-15.9785,87.73,71,62,9.75,broken clouds
252,Saint-Augustin,CA,51.226,-58.6502,52.7,40,63,15.46,broken clouds
253,Fare,PF,-16.7,-151.0167,77.92,76,7,9.06,clear sky
254,Dimapur,IN,25.9,93.7333,73.89,97,2,1.57,clear sky
255,Nishihara,JP,26.1842,127.7558,80.65,81,90,16.11,overcast clouds
256,Humaita,BR,-7.5061,-63.0208,98.91,35,32,1.61,scattered clouds
257,Faanui,PF,-16.4833,-151.75,78.13,75,22,10.22,few clouds
258,Pemangkat,ID,1.1667,108.9667,79.81,84,39,8.93,scattered clouds
259,Faya,SA,18.3851,42.4509,73.51,35,59,11.65,broken clouds
260,Kavieng,PG,-2.5744,150.7967,80.64,77,26,4.88,scattered clouds
261,Coracao De Jesus,BR,-16.6853,-44.365,93.92,20,37,5.35,scattered clouds
262,Visby,SE,57.6409,18.296,52.05,100,90,3.44,fog
263,Lima,PE,-12.0432,-77.0282,66.13,91,75,1.01,broken clouds
264,Mustasaari,FI,63.1142,21.6822,48.88,93,0,8.05,clear sky
265,Petropavlovsk-Kamchatskiy,RU,53.0452,158.6483,30.79,80,40,4.47,scattered clouds
266,Broome,US,42.2506,-75.833,75.06,68,40,1.99,scattered clouds
267,Nizhniy Tsasuchey,RU,50.5167,115.1333,38.28,44,89,2.24,overcast clouds
268,Camargo,MX,27.6667,-105.1667,80.33,34,0,6.6,clear sky
269,Banjar,ID,-8.19,114.9675,75.06,86,22,6.85,few clouds
270,Belfast,GB,54.5833,-5.9333,65.12,90,90,11.5,overcast clouds
271,Namatanai,PG,-3.6667,152.4333,78.26,83,70,4.45,broken clouds
272,Ochakiv,UA,46.6128,31.5498,53.74,50,19,18.92,few clouds
273,Morro Bay,US,35.3658,-120.8499,65.39,80,88,1.99,overcast clouds
274,Muzhi,RU,65.3667,64.6667,48.51,67,100,19.91,overcast clouds
275,Harrison,US,30.4091,-89.0436,86.31,62,20,8.05,few clouds
276,Tsabong,BW,-26.0217,22.401,75.58,36,19,7.31,few clouds
277,Lata,PT,40.1629,-8.3327,81.05,40,0,5.12,clear sky
278,Te Anau,NZ,-45.4167,167.7167,49.23,95,100,2.66,overcast clouds
279,Yarada,IN,17.65,83.2667,84.52,84,40,2.3,thunderstorm
280,Karera,IN,25.4667,78.15,80.74,51,35,2.57,scattered clouds
281,Southbridge,US,42.0751,-72.0334,74.97,69,0,3.06,clear sky
282,Kaitangata,NZ,-46.2817,169.8464,46.99,91,53,3.47,broken clouds
283,Rio Gallegos,AR,-51.6226,-69.2181,55.45,38,0,4.61,clear sky
284,Asau,RO,46.4333,26.4,48.4,65,100,5.64,overcast clouds
285,Torquay,GB,50.4638,-3.5143,64.58,59,68,1.01,broken clouds
286,Prince Rupert,CA,54.3161,-130.3201,46.09,81,90,13.8,light rain
287,Hebi,CN,35.8992,114.1925,55.06,86,100,4.25,light rain
288,Hamilton,US,39.1834,-84.5333,75.36,81,75,1.01,broken clouds
289,North Port,US,27.0442,-82.2359,93.22,63,50,6.38,scattered clouds
290,Baoning,CN,25.3378,110.026,69.66,78,0,8.95,clear sky
291,Kencong,ID,-8.2833,113.3667,73.67,82,17,1.28,few clouds
292,Dzilam Gonzalez,MX,21.2833,-88.9333,86.13,62,100,4.03,overcast clouds
293,De-Kastri,RU,51.4667,140.7833,40.24,61,100,5.08,overcast clouds
294,Guatavita,CO,4.9366,-73.8331,64.11,51,46,8.93,scattered clouds
295,Antalaha,MG,-14.9003,50.2788,72.55,73,59,2.04,broken clouds
296,Fort Nelson,CA,58.8053,-122.7002,26.19,93,20,4.61,few clouds
297,Saint George,US,37.1041,-113.5841,75.67,50,1,1.99,clear sky
298,Buraydah,SA,26.326,43.975,91.85,15,0,10.42,clear sky
299,Celestun,MX,20.8667,-90.4,84.94,66,100,6.51,overcast clouds
300,Coquimbo,CL,-29.9533,-71.3436,58.73,67,90,11.5,overcast clouds
301,Fengzhen,CN,40.4394,113.1536,47.26,76,0,4.38,clear sky
302,Vila Velha,BR,-20.3297,-40.2925,85.95,66,0,8.05,clear sky
303,Port Keats,AU,-14.25,129.55,80.65,81,79,7.23,broken clouds
304,Cape Canaveral,US,28.4058,-80.6048,94.17,77,1,8.05,light intensity drizzle
305,Abalak,RU,58.1286,68.5944,39.97,85,57,5.97,broken clouds
306,Mercedes,AR,-34.6515,-59.4307,64.85,35,0,4.7,clear sky
307,Ornskoldsvik,SE,63.2909,18.7153,49.15,81,0,6.91,clear sky
308,Moissala,TD,8.3404,17.7663,79.74,78,61,4.61,broken clouds
309,Otane,NZ,-39.8833,176.6333,56.01,100,100,0.56,overcast clouds
310,Odweyne,SO,9.4092,45.064,79.88,50,70,7.63,broken clouds
311,San Patricio,US,28.017,-97.5169,87.69,40,0,4.32,clear sky
312,Lithgow,AU,-33.4833,150.15,48.67,91,65,1.16,broken clouds
313,Skjervoy,NO,70.0311,20.9714,37.4,64,100,23.6,light rain
314,Lorengau,PG,-2.0226,147.2712,79.65,77,43,0.72,scattered clouds
315,Holetown,BB,13.1867,-59.6381,86.56,76,61,18.95,broken clouds
316,Bandarbeyla,SO,9.4942,50.8122,81.3,74,59,19.1,broken clouds
317,Samoylovka,RU,51.184,43.7081,41.92,51,0,7.14,clear sky
318,Betare Oya,CM,5.6,14.0833,70.59,94,83,4.52,moderate rain
319,Zeya,RU,53.75,127.2667,28.69,94,44,2.68,scattered clouds
320,Tautira,PF,-17.7333,-149.15,78.82,77,13,5.97,few clouds
321,Muriti,TZ,-1.9833,32.9167,76.17,70,19,9.86,few clouds
322,Guerrero Negro,MX,27.9769,-114.0611,73.2,66,80,17.25,broken clouds
323,Okhotsk,RU,59.3833,143.3,26.01,76,8,8.66,clear sky
324,Berdigestyakh,RU,62.0989,126.6992,30.52,97,100,6.69,light snow
325,Honningsvag,NO,70.9821,25.9704,38.95,75,75,19.57,light rain
326,Luang Prabang,LA,19.8856,102.1347,76.08,75,86,0.74,overcast clouds
327,Helong,CN,42.5397,128.9972,41.41,94,1,4.97,clear sky
328,Blagoveshchensk,RU,50.2667,127.5333,36.21,100,0,4.47,clear sky
329,Aketi,CD,2.7388,23.7833,79.29,74,70,1.79,broken clouds
330,Ojhar,IN,20.1,73.9333,77.88,79,97,5.32,overcast clouds
331,Jumla,NP,29.2747,82.1838,56.66,93,64,2.19,broken clouds
332,Amalapuram,IN,16.5833,82.0167,78.57,89,11,0.65,few clouds
333,Salalah,OM,17.0151,54.0924,80.69,89,20,4.61,few clouds
334,Boffa,GN,10.1667,-14.0333,80.51,74,34,7.18,light rain
335,Meadow Lake,US,34.8014,-106.5436,73.47,44,100,4.52,overcast clouds
336,Jinchang,CN,38.4953,102.1739,58.68,45,81,5.14,broken clouds
337,Husavik,IS,66.0449,-17.3389,44.51,95,100,28.41,moderate rain
338,Vanimo,PG,-2.6741,141.3028,76.44,88,54,5.06,broken clouds
339,Les Cayes,HT,18.2,-73.75,88.27,61,17,7.38,few clouds
340,Kununurra,AU,-15.7667,128.7333,76.98,61,93,0.0,overcast clouds
341,Tiznit,MA,29.5833,-9.5,80.74,31,41,8.23,scattered clouds
342,Marsa Matruh,EG,31.3525,27.2453,71.8,60,40,11.5,scattered clouds
343,Vao,NC,-22.6667,167.4833,68.52,65,41,15.19,scattered clouds
344,Emilio Carranza,MX,19.9711,-96.6114,82.53,59,46,11.7,scattered clouds
345,Zambezi,ZM,-13.5432,23.1047,80.31,18,38,3.49,scattered clouds
346,Georgetown,MY,5.4112,100.3354,82.33,86,40,3.44,light rain
347,Kuching,MY,1.55,110.3333,80.82,89,20,2.3,few clouds
348,Douentza,ML,14.9951,-2.9517,101.1,14,24,8.19,few clouds
349,Dakar,SN,14.6937,-17.4441,88.68,79,20,4.61,few clouds
350,Puerto Del Rosario,ES,28.5004,-13.8627,74.95,73,75,11.5,broken clouds
351,Santa Cruz De La Palma,ES,28.6835,-17.7642,76.14,73,75,11.5,volcanic ash
352,Gemena,CD,3.25,19.7667,78.98,77,82,3.38,broken clouds
353,Natal,BR,-5.795,-35.2094,88.02,62,40,14.97,scattered clouds
354,Tilichiki,RU,60.4667,166.1,27.36,65,98,6.53,overcast clouds
355,Copertino,IT,40.2715,18.0565,70.45,77,40,3.44,light rain
356,Pangody,RU,65.85,74.4859,42.93,91,100,17.29,light rain
357,Korem,ET,12.5058,39.5228,62.2,59,100,3.47,overcast clouds
358,Kandrian,PG,-6.2167,149.55,75.61,91,68,3.06,broken clouds
359,Auki,SB,-8.7676,160.7034,76.98,90,31,4.9,scattered clouds
360,Fernie,CA,49.5,-115.0687,48.61,52,8,5.26,clear sky
361,Ixtapa,MX,20.7,-105.2,86.23,62,1,0.0,clear sky
362,Jeremie,HT,18.65,-74.1167,83.53,75,27,4.79,scattered clouds
363,Camacha,PT,33.0833,-16.3333,74.53,68,20,10.36,few clouds
364,Sabzevar,IR,36.2126,57.6819,64.29,32,26,11.45,scattered clouds
365,Pochutla,MX,15.7432,-96.4661,91.81,57,26,5.37,scattered clouds
366,Taoudenni,ML,22.6783,-3.9836,104.92,6,0,14.05,clear sky
367,Kijang,KR,35.2442,129.2139,73.13,86,7,8.81,clear sky
368,Wrexham,GB,53.0,-3.0,65.86,83,75,10.36,broken clouds
369,Elverum,NO,60.8819,11.5623,51.06,94,77,2.59,broken clouds
370,Bato,PH,13.3528,123.3677,76.17,92,100,2.26,overcast clouds
371,Mount Gambier,AU,-37.8333,140.7667,42.71,100,99,11.5,overcast clouds
372,Kamaishi,JP,39.2667,141.8833,66.83,95,100,12.66,overcast clouds
373,Cockburn Town,TC,21.4612,-71.1419,85.96,66,40,12.66,scattered clouds
374,Buala,SB,-8.145,159.5921,79.86,84,35,7.0,scattered clouds
375,Alindao,CF,5.0267,21.2088,77.09,82,48,2.89,scattered clouds
376,Corner Brook,CA,48.9667,-57.9484,57.36,54,69,11.72,broken clouds
377,Saint Anthony,US,45.0205,-93.218,68.97,76,90,1.99,overcast clouds
378,Puquio,PE,-14.7,-74.1333,58.84,58,97,5.32,overcast clouds
379,Angoche,MZ,-16.2325,39.9086,75.4,67,65,15.3,broken clouds
380,Jucuaran,SV,13.2539,-88.2478,84.7,53,96,2.57,overcast clouds
381,Sistranda,NO,63.7256,8.834,49.89,80,93,10.38,overcast clouds
382,Yelan,RU,50.949,43.7378,42.06,51,0,7.2,clear sky
383,Caraquet,CA,47.7941,-64.9386,73.98,68,29,7.34,scattered clouds
384,Hirara,JP,24.8,125.2833,82.89,76,43,15.55,scattered clouds
385,Udachnyy,RU,66.4167,112.4,22.21,86,60,5.99,broken clouds
386,Sundumbili,ZA,-29.1337,31.3975,68.31,81,61,17.22,broken clouds
387,Ploemeur,FR,47.7333,-3.4333,63.82,88,90,4.61,overcast clouds
388,Maningrida,AU,-12.0667,134.2667,79.65,73,100,5.84,overcast clouds
389,Bonavista,CA,48.6499,-53.1147,58.12,59,56,16.53,broken clouds
390,Kodinar,IN,20.7903,70.7031,83.28,79,35,0.94,scattered clouds
391,Chernyshevskiy,RU,63.0128,112.4714,27.9,95,100,4.94,overcast clouds
392,Narsaq,GL,60.9167,-46.05,48.42,44,8,7.9,clear sky
393,Turayf,SA,31.6725,38.6637,75.45,31,0,8.05,clear sky
394,Bria,CF,6.5423,21.9863,73.81,88,25,1.41,scattered clouds
395,Saurimo,AO,-9.6608,20.3916,73.83,58,95,0.67,overcast clouds
396,Antofagasta,CL,-23.65,-70.4,68.22,65,68,7.38,broken clouds
397,Qinzhou,CN,21.95,108.6167,77.95,62,11,13.04,light rain
398,Iskateley,RU,67.6803,53.1512,45.3,91,100,19.53,overcast clouds
399,Emiliano Zapata,MX,18.8333,-99.1833,78.89,65,1,5.75,clear sky
400,Itapetinga,BR,-15.2489,-40.2478,96.69,24,3,7.56,clear sky
401,Vavuniya,LK,8.7514,80.4971,78.1,84,100,7.2,overcast clouds
402,Krasnoborsk,RU,61.5598,45.934,44.33,78,27,10.65,scattered clouds
403,Great Yarmouth,GB,52.6083,1.7305,63.95,93,93,9.66,overcast clouds
404,Atambua,ID,-9.1061,124.8925,73.6,82,86,3.38,overcast clouds
405,Izhma,RU,65.0083,53.9113,46.4,69,20,11.63,few clouds
406,Khudumelapye,BW,-23.8833,24.75,69.85,59,97,6.46,light rain
407,Biloxi,US,30.396,-88.8853,86.0,60,1,8.05,clear sky
408,Mackay,AU,-21.15,149.2,71.69,94,40,4.61,scattered clouds
409,Troitsk,RU,54.0979,61.5773,40.87,75,11,6.58,few clouds
410,Shieli,KZ,44.1667,66.75,47.28,31,4,25.12,clear sky
411,Iralaya,HN,15.0,-83.2333,86.09,78,95,13.53,overcast clouds
412,Rantepao,ID,-2.9701,119.8978,65.95,96,96,2.21,overcast clouds
413,Akdepe,TM,42.0551,59.3788,48.29,23,96,16.51,overcast clouds
414,Progreso,MX,21.2833,-89.6667,87.12,68,100,9.22,overcast clouds
415,Skelleftea,SE,64.7507,20.9528,52.16,60,75,1.01,broken clouds
416,Bayir,TR,37.2687,28.2167,63.12,61,0,1.68,clear sky
417,Lincoln,US,40.8,-96.667,75.29,66,20,3.0,few clouds
418,Rocha,UY,-34.4833,-54.3333,56.07,54,5,8.48,clear sky
419,Mauren,LI,47.218,9.5442,53.91,82,97,1.99,overcast clouds
420,Baoqing,CN,46.3317,132.2111,44.38,64,36,7.43,scattered clouds
421,Olutanga,PH,7.3106,122.8464,82.71,76,98,6.15,overcast clouds
422,Maridi,SS,4.9158,29.4742,69.03,95,88,2.53,overcast clouds
423,Grindavik,IS,63.8424,-22.4338,48.15,93,90,27.63,very heavy rain
424,Geraldton,AU,-28.7667,114.6,54.01,87,75,8.05,broken clouds
425,Venado Tuerto,AR,-33.7456,-61.9688,65.79,26,0,9.64,clear sky
426,Garowe,SO,8.4054,48.4845,88.05,36,64,15.03,broken clouds
427,Mahajanga,MG,-15.7167,46.3167,78.82,83,20,9.22,few clouds
428,Yeppoon,AU,-23.1333,150.7333,65.98,74,59,3.67,broken clouds
429,Manado,ID,1.487,124.8455,75.97,94,40,0.0,scattered clouds
430,Cabedelo,BR,-6.9811,-34.8339,86.67,70,98,13.71,overcast clouds
431,Leh,IN,34.1667,77.5833,51.15,19,0,3.71,clear sky
432,Cuitzeo,MX,20.3333,-102.7833,75.27,53,23,2.46,few clouds
433,Mayo,US,38.8876,-76.5119,78.67,70,1,1.99,clear sky
434,Indramayu,ID,-6.3264,108.32,80.62,69,86,5.93,overcast clouds
435,Ritchie,ZA,-29.038,24.6028,72.61,16,61,24.94,broken clouds
436,Devils Lake,US,48.1128,-98.8651,66.94,72,1,7.0,clear sky
437,Lesogorsk,RU,56.0458,99.5136,35.02,97,100,8.88,light rain
438,Warrington,GB,53.3925,-2.5802,66.87,82,75,1.99,broken clouds
439,Paramonga,PE,-10.6667,-77.8333,67.19,77,82,12.71,broken clouds
440,Pacific Grove,US,36.6177,-121.9166,62.76,76,90,5.01,overcast clouds
441,Goderich,CA,43.7501,-81.7165,73.2,77,81,6.91,broken clouds
442,Whitefish,US,48.4111,-114.3376,46.2,62,1,3.44,clear sky
443,Tarko-Sale,RU,64.9225,77.785,42.64,96,100,15.48,light rain
444,Dharchula,IN,29.85,80.5333,65.71,88,43,3.09,scattered clouds
445,Pak Chong,TH,14.708,101.4161,74.08,91,100,2.1,light rain
446,Banda Aceh,ID,5.5577,95.3222,79.74,78,76,13.0,broken clouds
447,Riyadh,SA,24.6877,46.7219,89.74,21,2,12.03,clear sky
448,Vardo,NO,70.3705,31.1107,37.38,87,75,12.66,broken clouds
449,Sharan,RU,54.8167,54.0,39.76,74,32,0.76,scattered clouds
450,Aksarka,RU,66.5606,67.7975,44.53,86,100,17.54,overcast clouds
451,Kulhudhuffushi,MV,6.6221,73.07,81.77,81,21,15.14,few clouds
452,Shelburne,CA,44.0787,-80.2041,65.26,73,64,4.72,broken clouds
453,Sao Jose Da Coroa Grande,BR,-8.8978,-35.1478,80.04,71,90,9.57,overcast clouds
454,Kayiry,UA,46.9454,33.7059,53.33,47,86,19.15,overcast clouds
455,Port-Cartier,CA,50.0334,-66.8654,56.75,60,91,3.27,overcast clouds
456,Bismarck,US,46.8083,-100.7837,71.44,57,1,4.0,clear sky
457,Kindu,CD,-2.95,25.95,73.67,78,55,2.64,broken clouds
458,Kusu,JP,33.2831,131.1514,68.25,92,0,3.13,clear sky
459,Horstel,DE,52.3167,7.5833,55.11,90,77,3.29,broken clouds
460,Vestmanna,FO,62.1564,-7.1664,50.92,100,90,13.8,mist
461,San Buenaventura,MX,27.0833,-101.5333,81.52,44,1,0.0,clear sky
462,Panji,ID,-7.7253,114.0995,74.53,74,12,6.51,few clouds
463,Kandi,BJ,11.1342,2.9386,84.6,55,99,4.36,overcast clouds
464,Svetlyy,RU,54.675,20.1347,46.45,64,44,9.78,scattered clouds
465,Chandia,IN,23.65,80.7,76.93,71,11,3.53,few clouds
466,Hella,NO,67.2,14.4333,43.88,78,75,9.22,broken clouds
467,Stende,LV,57.15,22.5333,50.74,61,48,7.85,scattered clouds
468,Burla,IN,21.5,83.8667,79.23,82,37,3.13,scattered clouds
469,Seymchan,RU,62.8833,152.4333,18.28,73,24,3.0,few clouds
470,Katherine,AU,-14.4667,132.2667,86.32,32,80,5.75,broken clouds
471,Solnechnyy,RU,50.7214,136.6319,37.31,65,99,4.59,overcast clouds
472,Ambilobe,MG,-13.2,49.05,73.94,86,75,3.53,moderate rain
473,Labuhan,ID,-6.8844,112.2051,78.49,73,19,8.28,few clouds
474,Wanlaweyn,SO,2.6185,44.8938,77.61,71,72,18.28,broken clouds
475,Portel,BR,-1.9356,-50.8211,97.11,34,21,6.02,few clouds
476,Connersville,US,39.6412,-85.1411,74.66,79,100,6.26,overcast clouds
477,Mnogovershinnyy,RU,53.9353,139.9242,31.14,72,100,3.91,overcast clouds
478,Chicama,PE,-7.8447,-79.1469,63.14,61,76,11.27,broken clouds
479,Concepcion Del Uruguay,AR,-32.4825,-58.2372,64.98,41,9,5.99,clear sky
480,Kuryk,KZ,43.2,51.65,52.43,39,72,13.15,broken clouds
481,Ancud,CL,-41.8697,-73.8203,58.53,67,5,5.35,clear sky
482,Westport,US,41.1415,-73.3579,75.74,69,75,1.99,broken clouds
483,Platteville,US,42.7342,-90.4785,65.59,97,100,5.14,moderate rain
484,Caxito,AO,-8.5785,13.6643,77.65,78,51,6.46,broken clouds
485,Egvekinot,RU,66.3167,-179.1667,21.87,87,100,8.63,overcast clouds
486,Kingaroy,AU,-26.5333,151.8333,51.84,93,88,0.0,overcast clouds
487,The Pas,CA,53.8251,-101.2541,55.42,62,1,23.02,clear sky
488,Saint Marys,US,30.7305,-81.5465,88.0,76,90,5.01,overcast clouds
489,Arica,CL,-18.475,-70.3042,72.95,63,20,16.11,few clouds
490,Santana Do Livramento,BR,-30.8908,-55.5328,61.83,52,32,10.71,scattered clouds
491,Murmino,RU,54.6036,40.0544,40.37,67,1,4.16,clear sky
492,Provideniya,RU,64.3833,-173.3,35.74,98,100,7.14,overcast clouds
493,Ponta Delgada,PT,37.7333,-25.6667,74.5,94,75,3.44,broken clouds
494,Eshowe,ZA,-28.8865,31.4699,62.4,82,80,12.97,broken clouds
495,Nanortalik,GL,60.1432,-45.2371,40.55,61,60,2.55,broken clouds
496,Porto Velho,BR,-8.7619,-63.9039,93.25,43,20,3.44,few clouds
497,Sur,OM,22.5667,59.5289,82.9,56,0,2.59,clear sky
498,Burgos,ES,42.3394,-3.7079,66.61,39,0,10.36,clear sky
499,Celendin,PE,-6.8703,-78.1517,72.12,56,76,5.01,light rain
500,Alta Floresta,BR,-9.8756,-56.0861,96.62,52,40,4.61,scattered clouds
501,Mehamn,NO,71.0357,27.8492,39.38,65,75,16.11,broken clouds
502,Mutis,CO,6.2262,-77.4044,79.07,88,100,10.31,light rain
503,Komsomolskiy,UZ,40.4272,71.7189,56.12,82,40,2.3,light intensity shower rain
504,Kontagora,NG,10.3999,5.4695,80.56,71,100,5.17,overcast clouds
505,Belen,TR,36.4891,36.2233,70.03,37,0,0.0,clear sky
506,Maloy,NO,61.9353,5.1136,57.85,80,100,7.0,light rain
507,Wanaka,NZ,-44.7,169.15,52.11,72,95,3.0,moderate rain
508,Zyryanka,RU,65.75,150.85,16.47,81,59,6.67,broken clouds
509,Darnah,LY,32.767,22.6367,72.81,57,0,3.87,clear sky
510,Sao Sebastiao,BR,-23.76,-45.4097,67.75,91,98,8.16,overcast clouds
511,Hauterive,FR,46.0901,3.4459,58.78,89,70,4.65,broken clouds
512,Pastos Bons,BR,-6.6017,-44.0767,102.79,15,19,3.83,few clouds
513,Biryusinsk,RU,55.9634,97.8235,35.2,93,100,12.12,overcast clouds
514,Krasnoarmeysk,RU,51.0239,45.6969,43.29,53,0,6.17,clear sky
515,Flin Flon,CA,54.7682,-101.865,53.44,62,75,17.27,smoke
516,Bonfim,BR,3.0833,-59.95,94.93,40,81,4.76,broken clouds
517,Tigil,RU,57.8,158.6667,29.91,94,86,5.95,overcast clouds
518,Scarborough,GB,54.2797,-0.4044,66.07,84,36,1.99,scattered clouds
519,Ukiah,US,39.1502,-123.2078,62.02,61,1,0.0,clear sky
520,Vostok,RU,46.4856,135.8833,35.47,91,64,5.68,broken clouds
521,Kisangani,CD,0.5167,25.2,76.14,81,78,2.08,broken clouds
522,Yulara,AU,-25.2406,130.9889,64.24,59,0,4.61,clear sky
523,Picton,AU,-34.1833,150.6,60.03,82,89,1.45,overcast clouds
524,Nizhnevartovsk,RU,60.9344,76.5531,39.22,100,0,6.71,clear sky
525,Filingue,NE,14.3521,3.3168,97.95,14,88,4.03,overcast clouds
526,Saint-Pierre,RE,-21.3393,55.4781,69.48,87,94,5.75,light rain
527,Harindanga,IN,22.0383,88.3214,84.18,85,61,6.2,broken clouds
528,Suna,RU,57.8338,50.0588,37.62,67,10,6.38,clear sky
529,Uddevalla,SE,58.3478,11.9424,56.07,94,100,5.37,overcast clouds
530,Sao Desiderio,BR,-12.3633,-44.9733,102.99,14,26,7.05,scattered clouds
531,Taltal,CL,-25.4,-70.4833,61.39,72,94,6.29,overcast clouds
532,Ugoofaaru,MV,5.6667,73.0,82.36,79,32,14.65,scattered clouds
533,San Luis,AR,-33.295,-66.3356,71.11,27,0,11.21,clear sky
534,Kloulklubed,PW,7.0419,134.2556,82.9,77,100,22.84,overcast clouds
535,Anamur,TR,36.0751,32.8369,73.42,49,0,4.99,clear sky
536,Tutoia,BR,-2.7619,-42.2744,89.58,69,71,14.32,broken clouds
537,Havoysund,NO,70.9963,24.6622,39.43,64,100,29.89,light rain
538,Port Lincoln,AU,-34.7333,135.8667,48.78,80,99,7.7,overcast clouds
539,Huarmey,PE,-10.0681,-78.1522,69.37,74,51,12.46,broken clouds
540,Sobolevo,RU,54.4299,31.8996,39.4,62,28,5.84,scattered clouds
541,Quatre Cocos,MU,-20.2078,57.7625,72.09,79,35,12.48,light rain
542,Andenes,NO,69.3143,16.1194,37.38,65,75,9.22,broken clouds
543,Luanshya,ZM,-13.1367,28.4166,73.85,30,36,5.77,scattered clouds
544,Nikel,RU,69.4128,30.222,35.78,78,100,15.08,overcast clouds
545,Brainerd,US,46.358,-94.2008,70.09,73,90,6.91,overcast clouds
546,Talnakh,RU,69.4865,88.3972,35.58,100,100,10.09,light rain
547,Pathanamthitta,IN,9.2667,76.7833,76.32,94,44,1.63,scattered clouds
548,Eureka,US,40.8021,-124.1637,55.63,79,100,1.99,overcast clouds
549,Praia Da Vitoria,PT,38.7333,-27.0667,73.76,73,20,10.51,few clouds
550,Mitsamiouli,KM,-11.3847,43.2844,79.09,78,20,11.5,few clouds
551,Najran,SA,17.4924,44.1277,83.05,41,7,11.5,clear sky
552,Kabinda,CD,-6.1333,24.4833,74.07,63,89,3.09,overcast clouds
553,Moa,CU,20.6569,-74.9403,86.34,64,25,12.71,scattered clouds
554,Vila Franca Do Campo,PT,37.7167,-25.4333,74.19,87,100,6.82,overcast clouds
555,Iquique,CL,-20.2208,-70.1431,64.44,67,88,8.28,overcast clouds
556,Dehui,CN,44.5333,125.7,41.31,62,20,6.69,few clouds
557,Ocos,GT,14.5094,-92.1933,90.1,72,66,4.76,broken clouds
558,Yenagoa,NG,4.9247,6.2642,77.05,90,98,3.89,overcast clouds
559,Cap-Chat,CA,49.1001,-66.6821,57.2,72,67,18.41,broken clouds
560,Ranfurly,NZ,-45.1333,170.1,51.64,85,81,4.34,broken clouds
561,Plast,RU,54.3691,60.8136,38.73,77,6,7.52,clear sky
562,Aksu,CN,41.1231,80.2644,55.33,48,44,0.65,scattered clouds
563,Salmo,CA,49.1999,-117.2689,49.08,85,100,4.63,overcast clouds
564,Hanyang,CN,32.1371,105.5126,56.7,83,97,2.77,overcast clouds
565,Naryan-Mar,RU,67.6713,53.087,45.68,90,100,20.78,overcast clouds
566,Laguna,US,38.421,-121.4238,69.64,59,1,4.0,clear sky
567,Jiangyou,CN,31.7667,104.7167,60.78,90,59,1.59,light rain
568,Gumdag,TM,39.2061,54.5906,50.54,61,69,12.95,broken clouds
569,Wewak,PG,-3.5534,143.6268,77.77,88,20,6.44,few clouds
570,High Level,CA,58.5169,-117.136,28.51,100,90,5.75,mist
571,Prado,BR,-17.3411,-39.2208,81.03,61,14,13.27,few clouds
572,Paamiut,GL,61.994,-49.6678,36.48,63,3,11.45,clear sky
573,Sao Joao Da Barra,BR,-21.6403,-41.0511,86.09,77,74,22.37,moderate rain
574,Nioro,GM,13.35,-15.75,90.09,61,100,2.75,overcast clouds
575,Coos Bay,US,43.3665,-124.2179,54.23,87,1,0.0,clear sky
576,Gari,RU,59.4307,62.3497,38.08,84,8,6.93,clear sky
577,Capaci,IT,38.1711,13.2393,67.75,78,59,21.0,broken clouds
578,Nyrob,RU,60.733,56.7202,37.56,95,75,5.46,broken clouds
579,Champerico,GT,14.3,-91.9167,90.14,67,78,4.83,broken clouds
580,Bilgram,IN,27.1833,80.0333,81.25,54,0,1.79,clear sky
581,Wajir,KE,1.7471,40.0573,88.38,31,22,10.0,few clouds
582,Novikovo,RU,51.1537,37.8879,42.82,52,29,7.11,scattered clouds
583,Deputatskiy,RU,69.3,139.9,17.91,78,99,7.0,overcast clouds
584,Damaturu,NG,11.747,11.9608,89.24,21,7,4.99,clear sky
585,Luanda,AO,-8.8368,13.2343,77.0,78,40,12.66,scattered clouds
586,Grand Island,US,40.925,-98.342,74.35,57,1,7.0,clear sky
587,Araouane,ML,18.9048,-3.5265,98.94,6,3,8.19,clear sky
588,Tomatlan,MX,19.9333,-105.25,89.56,61,34,4.23,scattered clouds
589,Odienne,CI,9.51,-7.5692,81.27,74,99,2.08,overcast clouds
590,Binzhou,CN,37.3667,118.0167,56.91,75,100,5.64,light rain
591,Vilhena,BR,-12.7406,-60.1458,86.22,58,20,10.36,few clouds
592,San Ramon,US,37.7799,-121.978,63.66,70,1,1.99,clear sky
593,Birjand,IR,32.8663,59.2211,72.07,15,0,11.5,clear sky
594,Ciudad Ojeda,VE,10.1964,-71.3082,88.29,64,40,8.39,scattered clouds
595,Shetpe,KZ,44.1667,52.1167,46.58,36,46,13.78,scattered clouds
596,Port Macquarie,AU,-31.4333,152.9167,62.89,81,85,13.82,overcast clouds
597,Jizan,SA,17.3333,42.6667,88.74,65,54,2.35,broken clouds
598,Yatou,CN,37.15,122.3833,60.48,78,100,4.65,light rain
599,Tiarei,PF,-17.5333,-149.3333,78.82,77,4,5.64,clear sky
600,Port Blair,IN,11.6667,92.75,79.02,89,100,12.84,overcast clouds
601,Varkaus,FI,62.3153,27.873,50.11,88,100,11.86,overcast clouds
602,Elizabeth City,US,36.2946,-76.2511,77.02,83,90,14.97,overcast clouds
603,Nyurba,RU,63.2842,118.3319,33.49,97,100,7.43,light snow
604,Mul,IN,20.0667,79.6667,76.69,89,27,0.45,scattered clouds
605,Arlit,NE,18.7369,7.3853,90.46,11,0,13.69,clear sky
606,Jamui,IN,24.9167,86.2167,81.95,74,65,3.6,broken clouds
607,Hegang,CN,47.4,130.3667,40.24,69,24,4.97,few clouds
608,Susanville,US,40.4163,-120.653,56.8,59,90,10.36,overcast clouds
609,Kangaatsiaq,GL,68.3065,-53.4641,29.37,61,50,7.61,scattered clouds
610,Chumikan,RU,54.7183,135.315,35.69,80,100,11.18,overcast clouds
611,Tianmen,CN,30.6516,113.1603,58.23,81,52,8.84,broken clouds
612,Aviles,ES,43.5547,-5.9248,68.38,76,0,6.91,clear sky
613,Pankrushikha,RU,53.8319,80.3406,38.07,91,100,10.33,overcast clouds
614,Lenger,KZ,42.183,69.8839,45.84,55,65,5.44,broken clouds
615,Luwuk,ID,-0.9516,122.7875,76.66,84,95,4.25,overcast clouds
616,Kalmunai,LK,7.4167,81.8167,80.67,78,74,10.87,broken clouds
617,Adet,ET,11.2644,37.4888,59.47,87,92,3.94,light rain
618,Mancio Lima,BR,-7.6142,-72.8958,89.67,62,75,3.44,broken clouds
619,Turinskaya Sloboda,RU,57.6232,64.3858,41.07,77,19,7.99,few clouds
620,Berlevag,NO,70.8578,29.0864,39.2,70,98,27.89,overcast clouds
621,Waharoa,NZ,-37.7667,175.7667,57.74,99,98,8.14,overcast clouds
622,Hwange,ZW,-18.3693,26.5019,83.3,27,49,2.3,scattered clouds
623,Portales,US,34.1862,-103.3344,86.32,31,28,1.99,scattered clouds
624,Piltene,LV,57.2243,21.6744,51.75,93,90,1.14,overcast clouds
625,Meulaboh,ID,4.1363,96.1285,76.08,89,100,3.91,overcast clouds
626,Fairbanks,US,64.8378,-147.7164,35.6,95,90,4.61,light rain
627,Cravo Norte,CO,6.3017,-70.2041,85.91,68,94,3.42,overcast clouds
628,Marsh Harbour,BS,26.5412,-77.0636,84.52,64,16,13.15,few clouds
629,Sorland,NO,67.667,12.6934,42.66,63,100,16.8,overcast clouds
630,Churapcha,RU,62.0025,132.4325,24.84,85,32,7.11,scattered clouds
631,Uribia,CO,11.7139,-72.266,94.26,42,29,23.11,scattered clouds
632,Flinders,AU,-34.5833,150.8552,61.21,80,73,3.47,broken clouds
633,Tari,NG,12.4086,4.4914,90.72,35,99,6.02,overcast clouds
634,Hounde,BF,11.5,-3.5167,87.19,47,99,5.82,overcast clouds
635,Litovko,RU,49.2361,135.1742,40.69,63,95,5.99,overcast clouds
636,Presidencia Roque Saenz Pena,AR,-26.7852,-60.4388,82.4,34,6,8.63,clear sky
637,Mantua,IT,45.1667,10.7833,63.64,77,100,4.36,overcast clouds
638,Bulgan,MN,48.8125,103.5347,36.48,91,99,2.68,overcast clouds
639,Batagay,RU,67.6333,134.6333,26.58,56,100,8.03,overcast clouds
640,De Haan,BE,51.272,3.0429,61.99,78,0,1.14,clear sky
641,Rancho Palos Verdes,US,33.7445,-118.387,70.88,84,90,3.0,haze
642,Marawi,PH,7.9986,124.2928,68.65,94,100,1.45,overcast clouds
643,Ahuatempan,MX,18.4167,-98.0167,74.57,42,42,6.98,scattered clouds
644,Loukhi,RU,66.0764,33.0381,49.68,84,99,16.91,overcast clouds
645,Myitkyina,MM,25.3833,97.4,75.96,84,0,1.1,clear sky
646,Sioux Lookout,CA,50.1001,-91.917,69.87,68,20,8.05,few clouds
647,Capao Bonito,BR,-24.0058,-48.3494,59.31,88,100,8.25,overcast clouds
648,Piro,IN,25.3333,84.4167,81.97,72,100,4.97,overcast clouds
649,Grevena,GR,40.0845,21.4274,60.19,97,100,4.76,overcast clouds
650,Eyl,SO,7.9803,49.8164,78.42,79,80,19.3,broken clouds
651,Kembe,CF,4.6228,21.8865,75.33,83,72,3.69,broken clouds
652,Sweetwater,US,25.7634,-80.3731,91.99,68,75,1.01,broken clouds
653,Macamic,CA,48.7502,-78.9996,68.23,59,23,7.65,few clouds
654,Santa Ana,US,33.7456,-117.8678,72.64,79,90,1.01,haze
655,Sorkjosen,NO,69.8,20.9333,37.4,75,75,9.22,light intensity shower rain
656,Xam Nua,LA,20.4197,104.0439,64.35,91,89,1.59,overcast clouds
657,Tandur,IN,17.2333,77.5833,75.74,86,82,4.21,broken clouds
658,Le Vauclin,MQ,14.5452,-60.8388,84.25,79,90,12.66,overcast clouds
659,Walvis Bay,NA,-22.9575,14.5053,59.95,67,0,13.8,clear sky
660,Simdega,IN,22.6167,84.5167,79.05,72,91,3.27,overcast clouds
661,Nioki,CD,-2.7167,17.6833,78.6,71,85,3.76,light rain
662,Valparaiso,CL,-33.0393,-71.6273,60.44,64,20,9.22,few clouds
663,Bairiki,KI,1.3292,172.9752,80.6,78,20,5.75,few clouds
664,Port Hardy,CA,50.6996,-127.4199,44.6,93,90,5.75,overcast clouds
665,Puerto Quijarro,BO,-17.7833,-57.7667,90.77,49,55,4.65,broken clouds
666,Aksay,RU,47.26,39.87,48.42,38,50,16.67,scattered clouds
667,Ibra,OM,22.6906,58.5334,83.05,44,0,5.55,clear sky
668,Ferrol,ES,43.4832,-8.2369,75.45,84,13,1.45,few clouds
669,Dapdap,PH,12.062,125.4881,76.44,94,100,7.65,overcast clouds
670,Tocopilla,CL,-22.092,-70.1979,67.66,60,35,6.44,scattered clouds
671,Tungor,RU,53.3808,142.9564,33.64,74,79,8.05,broken clouds
672,Qasigiannguit,GL,68.8193,-51.1922,28.65,77,17,2.21,few clouds
673,Buzmeyin,TM,38.0507,58.2056,53.33,40,90,16.11,overcast clouds
674,Bilibino,RU,68.0546,166.4372,-2.0,98,87,4.07,overcast clouds
675,Alyangula,AU,-13.8483,136.4192,73.27,94,97,0.0,overcast clouds
676,Shizunai,JP,42.3339,142.3669,52.99,91,100,5.91,overcast clouds
677,Douglas,US,41.3,-96.167,73.98,80,90,1.99,overcast clouds
678,Wadena,US,46.4425,-95.1361,69.58,88,90,8.05,overcast clouds
679,Benton Harbor,US,42.1167,-86.4542,74.61,82,90,10.36,overcast clouds
680,Salisbury,GB,51.0693,-1.7957,64.56,88,75,10.36,broken clouds
681,Dhidhdhoo,MV,6.8833,73.1,81.91,81,41,15.12,scattered clouds
682,Gdansk,PL,54.3521,18.6464,56.08,92,90,8.05,overcast clouds
683,At-Bashi,KG,41.1702,75.8106,40.75,86,96,3.38,overcast clouds
684,Putineiu,RO,43.9,25.7333,54.32,68,100,17.52,overcast clouds
685,Whitehorse,CA,60.7161,-135.0538,34.57,93,90,13.0,overcast clouds
686,Talcahuano,CL,-36.7167,-73.1167,56.88,77,75,14.97,broken clouds
687,Waddan,LY,29.1614,16.139,83.57,18,0,6.2,clear sky
688,Santa Cruz Del Norte,CU,23.1539,-81.9236,90.21,68,40,13.0,scattered clouds
689,Balkhash,KZ,46.844,74.9804,41.05,45,1,10.45,clear sky
